menus.cleanedNames,count
Cheese Pizza,596
Buffalo Chicken Pizza,584
Pizza By the Slice,485
Greek Pizza,399
White Pizza,367
Any Large Pizza,352
Gluten Free Pizza,283
Hawaiian Pizza,262
Meat Lovers Pizza,251
Veggie Pizza,240
14ampquot White Pizza,201
Pizza,185
Margherita Pizza,174
Pizza Steak,164
Pepperoni Pizza,141
Supreme Pizza,131
Pepperoni Pizza Baking Required,130
Stuffed Pizza,119
Chicken Alfredo Pizza,111
Vegetarian Pizza,111
Broccoli Pizza,108
Pizza Burger,100
Pizza Sub,99
Chicken Wing Pizza,95
1 Item Pizza,93
Salad Pizza,89
Build Your Own Pizza,89
Pesto Pizza,87
Spinach Pizza,86
Taco Pizza,82
California Pizza,79
Grandma Pizza,79
Chicken Parmigiana Pizza,76
Bacon Cheeseburger Pizza,76
Thin Crust Cheese Pizza,73
Pizza Bread,72
Breakfast Pizza,71
Pizza Pie,71
Deluxe Pizza,70
Pizza Bianca,69
Pizza Fries,68
Mexican Pizza,68
Pan Pizza,59
Special Pizza,58
New York Style Pizza,58
Mushroom Pizza,56
Lasagna Pizza,56
Pizza Fritta,54
Baked Ziti Pizza,54
Veal Pizzaiola,53
Deep Dish Pizza,49
Kids Pizza,49
Combo Pizza,48
Traditional Pizza,46
Blt Pizza,46
The Original BBQ Chicken Pizza and Soup Lunch Duo,43
Margarita Pizza,42
Pizza Mozzarella,42
S39mores Pizza,41
Shrimp Pizza,40
Chicago Pizza,39
Gourmet White Pizza,39
Pizza Rolls,38
Kona Pizza,38
French Bread Pizza,38
Bbq Pizza,37
Napoli Pizza,35
Pizza Bianco,33
Vodka Pizza,32
Five Cheese Pizza,31
Artichoke Pizza,30
Caprese Pizza,30
Marinara Pizza,27
Pizza Pisa,26
BYO Pizza Breadstix and Drink,26
Bruschetta Pizza,25
Catering Pepperoni Pizza,25
Chocolate Chip Pizza,24
Quattro Formaggi Pizza,23
Pizza Sandwich,22
Pineapple Pizza,20
Thai Pizza,20
Sheet Pizza,20
The Works Pizza,20
Chicken Teriyaki Pizza,19
Aloha Pizza,18
Pizza Sauce,18
Rustica Pizza,17
Pita Pizza,17
Russian Pizza,16
Pronto Pizza,16
Green Pizza,16
Party Pizza,15
Chicken Marsala Pizza,15
Popeye Pizza,15
Burrata Pizza,15
Whole Wheat Pizza,15
"Pizza, Pop, Salad, Bread and Butter",14
Shrimp Scampi Pizza,14
Royal Pizza,14
Pizza Bento,13
Arugula Pizza,13
Large Pizza ampamp Wings Deal,13
Pizza Dog,12
Upside Down Pizza,12
Carne Asada Pizza,12
Pizza Stromboli,12
Pizza Constantine,12
Baby Pizza,12
Roasted Red Pizza,11
Hand Tossed Pizza,11
5 Cheese ampamp Fresh Tomato Pizza,11
Large OneTopping Pan Pizza,11
Pizza Genovese,11
Pizza Alla Raffaele,11
Anchovy Pizza,11
Pizza Logs,11
Tonys Veggie Pizza,11
Bbq Pork Pizza,10
Pizza Caroline,10
Diavola Pizza,10
Western Pizza,10
Mama's Pizzaz,10
Salmon Pizza,10
5Th Street Pizza,10
Pizza Luciano,10
Angus Steak and Roasted Garlic Pizza Baking Required,10
Neapolitan Pizza,9
Pizza Puff,9
Santa Fe Pizza,9
Pizzano's Jumbo Garlic Knots,9
Plain Jane Pizza,9
Plue 2 liter Soda with 2ampcomma Pizza,9
Loaded Baked Potato Pizza,9
Signature Pizza,9
Spicy Fennel Sausage Pizza Baking Required,9
Pizza Buccheri (the Butcher),8
Pizza with Penne,8
Pizza Boat,8
John39s Favorite Pizza,8
Bella Works Pizza,8
ampaposOld World Pizzaampapos,8
"Jumbo 18"" Cheese Pizza",7
Carbonara Pizza,7
Jamaican Jerk Chicken Pizza,7
Quesapizza,7
Pizza Wedge,7
Putanesca Pizza,7
Sampler Pizza,7
Howie Special Pizza,7
8 Corner Pizza,7
Pizza Pompei,7
Pizza Night,7
Pizza Piccante,7
Pastrami Pizza,7
Pizza of the Week,6
Butternut Squash Pizza,6
High Fiber Pizza,6
Jazzy Pizza,6
Rossa Pizza,6
Pizza Steak Hoagie,6
Rio Ranch Pizza,6
Pizza Polpette,6
Sunbelt Vegetable Pizza,6
Black Bean Pizza,6
Bari Pizza,6
Mac and Cheese Pizza,6
Michelangelo's White Pizza,6
Alamo Meat Pizza,6
Bricks Pizza,6
Free Pizza,6
Lucky 7 Pizza,5
Bama Pizza,5
Meat Feast Pizza on a Plate No Dough,5
S'mores Pizza Dessert,5
Mexi Pizza,5
Jack Sprat Pizza,5
Create Your Own Wood Fired Pizza,5
Cheezy Pizza,5
Gino's Special Pizza,5
Rudy's Pizza,5
Smily Face Pizza,5
Pizza & Fingers,5
Bowzer39s Supreme Pizza,5
Honey Mustard Grilled Chicken Pizza,5
Everest Pizza,5
Pizza Pop,5
Old Country Pizza,5
All You Can Eat Pizza & Wings,5
Pizza Greca,5
Stuts Pizza,5
Pizza Vinnie,5
Pizza Dip,5
Extravaganza Pizza,5
Triboro Pizza,4
Pizza Skins,4
Tino's Five Cheese Pizza,4
Memphis BBQ Chicken Pizza,4
Pride Pizza,4
Goat Cheese Pizza,4
Square Crust Pizza,4
Paneer Tikka Masala Pizza,4
Sarda Pizza,4
Regular Slice Of Pizza Or Pasta Choiceampcomma Soda And Treat,4
Three Sonampaposs Special Pan Pizza,4
Apizza Amore,4
Sam's Combo Pizza,4
Pavia Pizza,4
Pizza Bagel,4
Heart Healthy Pizza,4
Michigan Ave Pizza,4
Uncle Jesse Pizza,4
Mythic Pizza,3
Pig Pen Pizza,3
Rigatoni Pizza,3
Mantova Pizza,3
UltiMeat Pizza,3
Pizzazz,3
Bolognese Pizza Dinner,3
ampquotChicagoampquotStyle Pizza Slice,3
Pizza Beach Tee,3
Personal Appolonia Pizza,3
Ocean View Pizza,3
Montana Pizza,3
The Pizzalad,3
"7"" Pizza Or Stromboli Breadsticks Or Salad",3
Healthy Heartland Pizza,3
Carmelita Pizza,3
La Nova Super Steak Pizza,3
N. Y. Stylepizza,3
Dante39s Peak Pizza,3
March Madness Pizza,3
Build Your Own Pizza Wrap,3
Hummus Pizza,3
Pizza Dawg,3
Americo Pizza,3
Tour of Italy Pizza,3
Pizza Mare,3
Medium Pizza Forum's Special,3
Pizza Turnover,3
Two Slices of Gourmet Pizza & a Medium Beverage,3
Sicilan Pizza,3
White Mozzarella ampamp Riccota Pizza,2
Sweep The Kitchen Pizza,2
Chicabroni Pizza,2
Pizza Bites,2
12ampquot 2Topping Personal Pizza not available after 3pm,2
Speck Pizza,2
14ampquot Large MeatAPizza,2
Pizza Muffins,2
Il Giardino Pizza,2
Pizza Carlsbad,2
Slice of Indian Pizza Pick Up Only,2
Forbes Field Original Pizza,2
Ground Beef Pizza Slice,2
Naga Pizza,2
Aaloo Gobi Pizza,2
America39s Favorite Feast Pizza,2
New Bedford Portuguese Linguica Pizza,2
Hawthornes Special White Pizza,2
The Tremor Pizza,2
Mary's Original Pizza Dough Hot Dog,2
Avocado Special Pizza,2
Mt. St. Helene's Pizza,2
"Brian Fisher's, Entente, Korean Fried Chicken Pizza",2
Stinger Pizza,2
Sweet and Sour Sesame Chicken Pizza,2
Ladolce Pizza,2
10ampquot Indo Pak Pizza,2
Pizza Street Buffet,2
Point Pizza,2
The Route 66 Pizza,2
Funghi Misti Pizza,2
Dino's Combination Pizza (14 Large),2
Tree Hugger Pizza,2
Hitman Pizza,2
Citrus Adobo Pizza,2
Cosmos Pizza,2
Pizza Subserved On Fresh Rolls and Prepared On Grill.,1
Mumbai Ripieno Pizza,1
Kosmic Karma Pizza,1
Widow Maker Pizza,1
Large 1Topping Pizza ampamp Medium Sticks Special,1
Banana Split Pizza,1
Knollas Famous Dessert Pizza,1
Vulcano Pizza,1
Wake ampamp Bake Pizza,1
Moosehead Traditional Crust Pizza,1
M&M Pizza,1
That's a Gouda Pizza Salad,1
Cheese Pizza (mozzarella) Whole Milk or Skimed,1
"""Bro""luxe Pizza",1
Pizza Burger Wedge with Lettuce and Tomato,1
Methi Mutter Malai Pizza,1
6 Inches Baby Bearnoampaposs Pizzaampcomma,1
Soldier & Sailors Supreme Pizza,1
Kens Pizza,1
834 2 Topping Cheese Pizza,1
Bowery Boy Pizza,1
Wbs Pizza (Writers in Baltimore Schools),1
Desset Pizza,1
Da Bear All Meat Special Pizza,1
Isabella Pizzarella,1
Rachel Ray's Favorite Pizza,1
Stinking Rose Pizza,1
Endless Artisan Pizza Bar,1
Pepperoni Pizza Pinwheel,1
Butter Parmesan Flavor To Entire Pizza,1
Pizza Cookie With Magpies Parlour Frozen Yogurt,1
Ultra Thin Pizza Fina Americano,1
Volare Round Pizza,1
La Luna's Best Pizza,1
Pizza Marg Herita,1
Side Pizza Dressing,1
The Gladiator Pizza,1
Pizza Split Charge,1
"Lil' F. ""Pizza Burger""",1
The Triple Pep Pizza,1
"Rick Ortiz's, Antique Taco, Chili Cheese Curd Pizza",1
"Bill Kim's, Urban Belly, Lemongrass Sausage Pizza",1
Tiger Pizza,1
Pizza Insurance,1
Pizza Coop Mudslide,1
French Baked Brie On Pizza Bread,1
"Put a ""Lid"" On It! Stuff Any Pizza",1
