menus.cleanedNames,count
Cheese Pizza,596
Buffalo Chicken Pizza,584
Greek Pizza,397
White Pizza,367
Any Large Pizza,305
Specialty Pizza,288
Hawaiian Pizza,262
Meat Lovers Pizza,251
14ampquot White Pizza,198
Pizza By the Slice,197
Veggie Pizza,187
Margherita Pizza,174
Gluten Free Pizza,164
Pizza Steak,161
Pizza,160
Pepperoni Pizza,141
Supreme Pizza,131
Pepperoni Pizza Baking Required,130
Stuffed Pizza,119
Medium Gourmet Vegetarian Gluten Free Crust Pizza Baking Required,118
Chicken Alfredo Pizza,111
Vegetarian Pizza,111
Broccoli Pizza,108
Pizza Burger,100
Pizza Sub,99
Chicken Wing Pizza,95
Build Your Own Pizza,89
Salad Pizza,87
Pesto Pizza,87
Spinach Pizza,86
Taco Pizza,82
Grandma Pizza,79
California Pizza,79
1 Item Pizza,78
Bacon Cheeseburger Pizza,74
Thin Crust Cheese Pizza,73
Pizza Bread,72
Breakfast Pizza,71
Deluxe Pizza,70
Pizza Bianca,69
Pizza Fries,68
Chicken Parmigiana Pizza,60
New York Style Pizza,58
Special Pizza,57
Pan Pizza,56
Mushroom Pizza,56
Lasagna Pizza,56
Baked Ziti Pizza,54
Veal Pizzaiola,53
Vegetable Pizza,53
Mexican Pizza,51
Deep Dish Pizza,49
Kids Pizza,49
Pizza Fritta,49
Combo Pizza,48
Mini Pizza,47
Blt Pizza,46
The Original BBQ Chicken Pizza and Soup Lunch Duo,43
Margarita Pizza,42
Traditional Pizza,42
Pizza Mozzarella,42
Shrimp Pizza,40
Nutella Pizza,40
Gourmet White Pizza,39
Kona Pizza,38
Pizza Rolls,38
S39mores Pizza,37
Chicago Pizza,37
Bbq Pizza,36
Napoli Pizza,35
Vodka Pizza,32
Pizza Pie,31
French Bread Pizza,31
Caprese Pizza,30
Artichoke Pizza,30
Marinara Pizza,26
Catering Pepperoni Pizza,25
Bruschetta Pizza,25
Our Flagship Pizza,25
Chocolate Chip Pizza,24
Quattro Formaggi Pizza,23
Pizza Pisa,22
Pizza Sandwich,22
Pizza Bianco,22
Pineapple Pizza,20
Five Cheese Pizza,20
Sheet Pizza,20
The Works Pizza,20
Thai Pizza,20
Chicken Teriyaki Pizza,19
Pizza Sauce,18
Pita Pizza,17
Rustica Pizza,17
Pizza Blanca,17
Pronto Pizza,16
Chicken Fajita Pizza,16
2nd Pizza Deal,15
Party Pizza,15
Popeye Pizza,15
Green Pizza,15
Chicken Marsala Pizza,15
Whole Wheat Pizza,15
Aloha Pizza,15
Shrimp Scampi Pizza,14
Royal Pizza,14
Arugula Pizza,13
Pizza Bento,13
BYO Pizza Breadstix and Drink,13
Tostada Pizza,13
Carne Asada Pizza,12
Baby Pizza,12
Pizza Stromboli,12
Upside Down Pizza,12
Pizza Dog,12
Pizza Constantine,12
Anchovy Pizza,11
5 Cheese ampamp Fresh Tomato Pizza,11
Pizza Alla Raffaele,11
Tonys Veggie Pizza,11
Clam Pizza,11
9 Pizza,11
Hand Tossed Pizza,11
Roasted Red Pizza,11
Salsiccia Pizza,11
Pizza Logs,11
"Pizza, Pop, Salad, Bread and Butter",11
Pizza Genovese,11
Large OneTopping Pan Pizza,11
Bbq Pork Pizza,10
Salmon Pizza,10
5Th Street Pizza,10
Pizza Luciano,10
Angus Steak and Roasted Garlic Pizza Baking Required,10
Pizza Caroline,10
Mama's Pizzaz,10
Diavola Pizza,10
Western Pizza,10
Neapolitan Pizza,9
Plue 2 liter Soda with 2ampcomma Pizza,9
Plain Jane Pizza,9
Loaded Baked Potato Pizza,9
Pizza Puff,9
Signature Pizza,9
Large Pizza ampamp Wings Deal,9
Santa Fe Pizza,9
Pizzano's Jumbo Garlic Knots,9
Spicy Fennel Sausage Pizza Baking Required,9
Bella Works Pizza,8
Russian Pizza,8
Pepperoni and Jalapeno Pizza,8
Pizza Boat,8
John39s Favorite Pizza,8
Pizza Buccheri (the Butcher),8
Jamaican Jerk Chicken Pizza,7
Sundried Tomato ampamp Pesto Pizza,7
"Jumbo 18"" Cheese Pizza",7
Pizza Piccante,7
Carbonara Pizza,7
Pizza Pompei,7
Quesapizza,7
Pizza Wedge,7
Putanesca Pizza,7
Casablanca Pizza,7
Sampler Pizza,7
8 Corner Pizza,7
Howie Special Pizza,7
Pizza Night,7
Jazzy Pizza,6
Pizza Polpette,6
Michelangelo's White Pizza,6
Black Bean Pizza,6
Pizza of the Week,6
Free Pizza,6
Bricks Pizza,6
Rio Ranch Pizza,6
Butternut Squash Pizza,6
Pizza Steak Hoagie,6
Mac and Cheese Pizza,6
Sunbelt Vegetable Pizza,6
Bari Pizza,6
Bowzer39s Supreme Pizza,5
Honey Mustard Grilled Chicken Pizza,5
Pizza & Fingers,5
Old Country Pizza,5
Pizza Greca,5
Fuorigrotta Pizza,5
S'mores Pizza Dessert,5
Lucky 7 Pizza,5
All You Can Eat Pizza & Wings,5
Cheezy Pizza,5
Gino's Special Pizza,5
Bama Pizza,5
Pizza with Penne,5
Pizza Vinnie,5
Smily Face Pizza,5
Mexi Pizza,5
Jack Sprat Pizza,5
Stuts Pizza,5
High Fiber Pizza,5
Rudy's Pizza,5
Rossa Pizza,5
Extravaganza Pizza,5
Pizza Pop,5
Create Your Own Wood Fired Pizza,5
Tino's Five Cheese Pizza,4
Heart Healthy Pizza,4
Pavia Pizza,4
Memphis BBQ Chicken Pizza,4
Paneer Tikka Masala Pizza,4
Kid39s California Pizza Kitchen Salad,4
Pastrami Pizza,4
Sam's Combo Pizza,4
Pizza Bagel,4
Uncle Jesse Pizza,4
Pride Pizza,4
8ampquot 1Item Original Pizza and Fountain Drink,4
Square Crust Pizza,4
Sofia Pizza,4
Triboro Pizza,4
Goat Cheese Pizza,4
Sarda Pizza,4
Pizza Naturale,4
Big Texas BBQ Steak with Pineapple Pizza,4
Pizza Skins,4
Apizza Amore,4
Three Sonampaposs Special Pan Pizza,4
Regular Slice Of Pizza Or Pasta Choiceampcomma Soda And Treat,4
Burrata Pizza,4
Everest Pizza,4
Michigan Ave Pizza,4
Tour of Italy Pizza,3
"7"" Pizza Or Stromboli Breadsticks Or Salad",3
Pizza Dawg,3
ampquotChicagoampquotStyle Pizza Slice,3
Goodfellas Pizza,3
Hummus Pizza,3
Pizza Beach Tee,3
Pizza Turnover,3
Carmelita Pizza,3
Build Your Own Pizza Wrap,3
N. Y. Stylepizza,3
Mantova Pizza,3
Medium Pizza Forum's Special,3
Pig Pen Pizza,3
Short Rib Pizza,3
Pizza Dip,3
Healthy Heartland Pizza,3
La Nova Super Steak Pizza,3
Pizza Mare,3
Bolognese Pizza Dinner,3
Montana Pizza,3
2016 Worlds Best Pan Pizza the Quack Attack,3
Mythic Pizza,3
Al Roker Pizza,3
"Family Feast (Open Till Close, Every Day) (Large 3 Item Pizza, 12 Garlic Rolls, Pitcher of Beer Or Soda)",3
Americo Pizza,3
The Haight Pizza,3
Pizzazz,3
Two Slices of Gourmet Pizza & a Medium Beverage,3
Roasted Cauliflower Pizza,3
Personal Appolonia Pizza,3
Rigatoni Pizza,3
Ocean View Pizza,3
Meat Feast Pizza on a Plate No Dough,3
The Pizzalad,3
Sicilan Pizza,3
March Madness Pizza,3
Dante39s Peak Pizza,3
UltiMeat Pizza,3
Pizza Carlsbad,2
Pizza Sole,2
America39s Favorite Feast Pizza,2
Pizza Bal,2
Pizza Muffins,2
Hawthornes Special White Pizza,2
Alamo Meat Pizza,2
12ampquot 2Topping Personal Pizza not available after 3pm,2
Speck Pizza,2
Slice of Indian Pizza Pick Up Only,2
"Brian Fisher's, Entente, Korean Fried Chicken Pizza",2
14ampquot Large MeatAPizza,2
New Bedford Portuguese Linguica Pizza,2
Pizza Bites,2
Forbes Field Original Pizza,2
Ground Beef Pizza Slice,2
The Tremor Pizza,2
Mt. St. Helene's Pizza,2
Avocado Special Pizza,2
The Route 66 Pizza,2
Pizza Street Buffet,2
10ampquot Indo Pak Pizza,2
Aaloo Gobi Pizza,2
Sweep The Kitchen Pizza,2
Antipasto Pizza,2
Naga Pizza,2
Il Giardino Pizza,2
Ceaser salad Pizza Slice,2
Dino's Combination Pizza (14 Large),2
Hitman Pizza,2
Citrus Adobo Pizza,2
Mary's Original Pizza Dough Hot Dog,2
Imperial Pizza,2
Chicabroni Pizza,2
Point Pizza,2
White Mozzarella ampamp Riccota Pizza,2
Tree Hugger Pizza,2
Ladolce Pizza,2
Stinger Pizza,2
Funghi Misti Pizza,2
Sweet and Sour Sesame Chicken Pizza,2
Cosmos Pizza,2
6 Inches Baby Bearnoampaposs Pizzaampcomma,1
Brownie Pizza,1
"Bill Kim's, Urban Belly, Lemongrass Sausage Pizza",1
Wake ampamp Bake Pizza,1
Pizza Subserved On Fresh Rolls and Prepared On Grill.,1
Moosehead Traditional Crust Pizza,1
Soldier & Sailors Supreme Pizza,1
French Baked Brie On Pizza Bread,1
"Rick Ortiz's, Antique Taco, Chili Cheese Curd Pizza",1
Tiger Pizza,1
Cheese Pizza (mozzarella) Whole Milk or Skimed,1
M&M Pizza,1
Pizza Burger Wedge with Lettuce and Tomato,1
Kosmic Karma Pizza,1
Mumbai Ripieno Pizza,1
Small RockBottom Loop GlutenFree Pizza,1
Pepperoni Pizza Pinwheel,1
Knollas Famous Dessert Pizza,1
Wbs Pizza (Writers in Baltimore Schools),1
That's a Gouda Pizza Salad,1
"""Cholesterol Bomb"" Pizza",1
"""Bro""luxe Pizza",1
Pizza Marg Herita,1
Pizza Insurance,1
Pizza Coop Mudslide,1
Pizza Salsa Cruda,1
Bowery Boy Pizza,1
Desset Pizza,1
Butter Parmesan Flavor To Entire Pizza,1
Da Bear All Meat Special Pizza,1
Methi Mutter Malai Pizza,1
"Put a ""Lid"" On It! Stuff Any Pizza",1
Pizza Cookie With Magpies Parlour Frozen Yogurt,1
Isabella Pizzarella,1
Stinking Rose Pizza,1
Rachel Ray's Favorite Pizza,1
Sprouts N' Bacon Pizza,1
ampaposOld World Pizzaampapos,1
Endless Artisan Pizza Bar,1
Braised Bacon and Aged Fontina Pizza,1
La Luna's Best Pizza,1
Volare Round Pizza,1
Pizza Split Charge,1
"Lil' F. ""Pizza Burger""",1
The Gladiator Pizza,1
Side Pizza Dressing,1
Ultra Thin Pizza Fina Americano,1
Aspendos Pizza,1
The Triple Pep Pizza,1
Coal Vines Regular Pie Pizza Dinner,1
Banana Split Pizza,1
Kens Pizza,1
SUPER BOWL BURGER PIZZA SPECIAL,1
834 2 Topping Cheese Pizza,1
Mount Olympus Pizza,1
Large 1Topping Pizza ampamp Medium Sticks Special,1
Vulcano Pizza,1
Widow Maker Pizza,1
